{
    "feature_range": [
        0,
        1
    ],
    "copy": true,
    "clip": false,
    "feature_names_in_": [
        "IGG",
        "VCC",
        "Viability",
        "Lactate",
        "Osmo",
        "pCO2_at_temp",
        "Cumulative_Normalized_Feed",
        "Temperature",
        "pH_setpoint",
        "DO"
    ],
    "n_features_in_": 10,
    "n_samples_seen_": 558,
    "scale_": [
        0.00010822639663459198,
        0.05128205128205128,
        0.024618414574101424,
        0.16447368421052633,
        0.006920415224913495,
        0.018484288354898334,
        4.11522633744856,
        0.5,
        3.3333333333333353,
        2.5
    ],
    "min_": [
        -0.010822639663459198,
        -0.39487179487179486,
        -1.435253569670113,
        -0.005756578947368441,
        -1.7750865051903115,
        -0.44177449168207017,
        0.0,
        -16.5,
        -23.500000000000014,
        -0.75
    ],
    "data_min_": [
        100.0,
        7.7,
        58.3,
        0.035000000000000114,
        256.5,
        23.9,
        0.0,
        33.0,
        7.05,
        0.3
    ],
    "data_max_": [
        9339.89,
        27.2,
        98.92,
        6.115,
        401.0,
        78.0,
        0.243,
        35.0,
        7.35,
        0.7
    ],
    "data_range_": [
        9239.89,
        19.5,
        40.620000000000005,
        6.08,
        144.5,
        54.1,
        0.243,
        2.0,
        0.2999999999999998,
        0.39999999999999997
    ]
}