{
    "FER027-57309120M00D00-day0": {
        "time": 1763738806409,
        "batch_id": "5730912101002F",
        "vessel_id": "FER027",
        "lot_id": "57309120M00D00",
        "campaign_id": "GSK5730912",
        "CellCultureViability": 98.3,
        "Osmolality": 305,
        "pHatTemperature": 7.235,
        "GlucoseConcentration": 6.35,
        "LactateConcentration": 0.07,
        "pCO2atTemperature": 65.2,
        "AmmoniumConcentration": 0.48,
        "dissolved_oxygen": 81.78229855074741,
        "pH_setpoint": 7.099999904632568,
        "Temp_setpoint": 36.5,
        "nutrient_rate": 0.0,
        "nutrient_total": 0.0,
        "vessel_weight": 710.5301574102723,
        "total_cells": 0.6,
        "total_viable_cells": 0.59,
        "average_diameter": 14.48,
        "Glutamine": 0.77,
        "Glutamate": 2.79,
        "calcium": 0.46,
        "bicarbonate": 27.9,
        "pO2atTemperature": 120.8,
        "Day": 0,
        "titre": 22.4
    },
    "FER027-57309120M00D00-day1": {
        "time": 1763828673632,
        "batch_id": "5730912101002F",
        "vessel_id": "FER027",
        "lot_id": "57309120M00D00",
        "campaign_id": "GSK5730912",
        "CellCultureViability": 98.4,
        "Osmolality": 301,
        "pHatTemperature": 7.218,
        "GlucoseConcentration": 6.2,
        "LactateConcentration": 0.2,
        "pCO2atTemperature": 65.1,
        "AmmoniumConcentration": 0.72,
        "dissolved_oxygen": 40.7,
        "pH_setpoint": 7.105,
        "Temp_setpoint": 36.6,
        "nutrient_rate": 0.0,
        "nutrient_total": 0.0,
        "vessel_weight": 738.1,
        "total_cells": 1.16,
        "total_viable_cells": 1.14,
        "average_diameter": 14.82,
        "Glutamine": 0.81,
        "Glutamate": 2.93,
        "calcium": 0.46,
        "bicarbonate": 26.8,
        "pO2atTemperature": 71.5,
        "Day": 1,
        "titre": -27.77
    },
    "FER027-57309120M00D00-day2": {
        "time": 1763903652847,
        "batch_id": "5730912101002F",
        "vessel_id": "FER027",
        "lot_id": "57309120M00D00",
        "campaign_id": "GSK5730912",
        "CellCultureViability": 98.3,
        "Osmolality": 298,
        "pHatTemperature": 7.057,
        "GlucoseConcentration": 5.71,
        "LactateConcentration": 0.41,
        "pCO2atTemperature": 92.7,
        "AmmoniumConcentration": 1.11,
        "dissolved_oxygen": 39.89278555388498,
        "pH_setpoint": 6.949999809265137,
        "Temp_setpoint": 37.20000076293945,
        "nutrient_rate": 0.0,
        "nutrient_total": 10.106816291809082,
        "vessel_weight": 737.2289440797107,
        "total_cells": 2.69,
        "total_viable_cells": 2.65,
        "average_diameter": 14.67,
        "Glutamine": 0.77,
        "Glutamate": 3.12,
        "calcium": 0.47,
        "bicarbonate": 26.3,
        "pO2atTemperature": 70.2,
        "Day": 2,
        "titre": 69.6
    },
    "FER027-57309120M00D00-day3": {
        "time": 1763992509795,
        "batch_id": "5730912101002F",
        "vessel_id": "FER027",
        "lot_id": "57309120M00D00",
        "campaign_id": "GSK5730912",
        "CellCultureViability": 98.8,
        "Osmolality": 304,
        "pHatTemperature": 7.053,
        "GlucoseConcentration": 4.38,
        "LactateConcentration": 0.79,
        "pCO2atTemperature": 55.4,
        "AmmoniumConcentration": 2.31,
        "dissolved_oxygen": 39.76593587894251,
        "pH_setpoint": 7.0025434494018555,
        "Temp_setpoint": 37.462257385253906,
        "nutrient_rate": 0.0,
        "nutrient_total": 21989.888671875,
        "vessel_weight": 759.56160683207,
        "total_cells": 4.46,
        "total_viable_cells": 4.41,
        "average_diameter": 14.62,
        "Glutamine": 0.97,
        "Glutamate": 3.86,
        "calcium": 0.44,
        "bicarbonate": 15.6,
        "pO2atTemperature": 61.5,
        "Day": 3,
        "titre": 136.0
    },
    "FER027-57309120M00D00-day4": {
        "time": 1764077494685,
        "batch_id": "5730912101002F",
        "vessel_id": "FER027",
        "lot_id": "57309120M00D00",
        "campaign_id": "GSK5730912",
        "CellCultureViability": 99.3,
        "Osmolality": 313,
        "pHatTemperature": 6.871,
        "GlucoseConcentration": 2.58,
        "LactateConcentration": 1.14,
        "pCO2atTemperature": 45.3,
        "AmmoniumConcentration": 3.75,
        "dissolved_oxygen": 39.769915476883995,
        "pH_setpoint": 6.949999809265137,
        "Temp_setpoint": 37.5,
        "nutrient_rate": 0.0,
        "nutrient_total": 44659.75,
        "vessel_weight": 782.6091544274057,
        "total_cells": 7.77,
        "total_viable_cells": 7.71,
        "average_diameter": 14.57,
        "Glutamine": 0.94,
        "Glutamate": 4.67,
        "calcium": 0.41,
        "bicarbonate": 8.4,
        "pO2atTemperature": 54.7,
        "Day": 4,
        "titre": 145.84892408918626
    }
}