{
    "initial_conditions": {
        "IGG": [
            79.38975,
            75.18855,
            75.18855,
            72.24706,
            73.8954,
            74.63235,
            73.21845,
            75.1713,
            73.9461,
            85.3305,
            71.48055,
            78.40981,
            73.4844,
            77.45805,
            75.38505,
            75.3507,
            75.5919,
            76.37926,
            72.87315,
            69.9555,
            74.29995,
            73.2393,
            74.33415,
            74.12251
        ],
        "VCC": [
            0.5721,
            1.2037,
            1.2252,
            0.6079,
            1.1858,
            1.1721,
            1.2633,
            1.3185,
            1.1377,
            2.5194,
            1.2059,
            2.3579,
            1.203,
            1.0745,
            1.1642,
            1.1685,
            1.2482,
            1.1779,
            1.1664,
            1.1219,
            1.1592,
            1.1635,
            1.1118,
            1.1448
        ],
        "Viability": [
            98.9,
            98.7,
            98.2,
            98.7,
            99.3,
            97.4,
            98.8,
            97.7,
            98.2,
            98.4,
            98.5,
            98.9,
            97.7,
            99.2,
            98.7,
            98.9,
            98.9,
            98.3,
            98.8,
            98.7,
            98.8,
            98.7,
            98.9,
            99
        ],
        "Diameter": [
            15.71,
            15.29,
            15.12,
            15.43,
            15.49,
            15.14,
            15.45,
            14.95,
            15.4,
            15.31,
            15.27,
            15.29,
            15.25,
            15.82,
            15.66,
            15.59,
            15.3,
            15.53,
            15.62,
            15.7,
            15.57,
            15.46,
            15.68,
            15.63
        ],
        "Ammonium": [
            0.59,
            0.69,
            0.69,
            0.59,
            0.7,
            0.7,
            0.71,
            0.71,
            0.71,
            0.94,
            0.72,
            0.95,
            0.73,
            0.73,
            0.73,
            0.73,
            0.74,
            0.74,
            0.74,
            0.74,
            0.75,
            0.75,
            0.74,
            0.75
        ],
        "Glutamate": [
            2.69,
            2.8,
            2.8,
            2.72,
            2.81,
            2.79,
            2.8,
            2.81,
            2.78,
            2.94,
            2.78,
            2.93,
            2.77,
            2.73,
            2.72,
            2.72,
            2.78,
            2.78,
            2.73,
            2.73,
            2.84,
            2.8,
            2.81,
            2.82
        ]
    },
    "ivcc_initial_condition": true
}